{"stats":{"minecraft:crafted":{"minecraft:oak_planks":12,"minecraft:crafting_table":1,"minecraft:wooden_axe":1},"minecraft:mined":{"minecraft:carrots":5,"treechop:chopped_log":1,"minecraft:crafting_table":1,"minecraft:grass":4,"minecraft:grass_block":5,"minecraft:dirt":1,"minecraft:oak_planks":1,"minecraft:oak_leaves":2,"minecraft:fern":3},"minecraft:dropped":{"minecraft:dirt":5},"minecraft:custom":{"minecraft:time_since_rest":6646,"minecraft:waystone_activated":1,"minecraft:walk_one_cm":68656,"minecraft:sprint_one_cm":78436,"minecraft:damage_taken":60,"minecraft:mob_kills":3,"minecraft:drop":5,"minecraft:damage_dealt":235,"minecraft:swim_one_cm":9533,"minecraft:interact_with_crafting_table":1,"minecraft:fly_one_cm":94854,"minecraft:open_chest":1,"minecraft:crouch_one_cm":4805,"minecraft:play_time":35557,"minecraft:sneak_time":1137,"minecraft:walk_under_water_one_cm":1398,"minecraft:jump":502,"minecraft:leave_game":1,"minecraft:time_since_death":35557,"minecraft:walk_on_water_one_cm":811,"minecraft:sleep_in_bed":3,"minecraft:total_world_time":35557,"minecraft:fall_one_cm":12931},"minecraft:killed":{"minecraft:pig":1,"minecraft:chicken":2},"minecraft:picked_up":{"minecraft:crafting_table":1,"minecraft:stick":2,"minecraft:feather":4,"illagerinvasion:platinum_chunk":1,"minecraft:chicken":2,"minecraft:porkchop":1,"minecraft:oak_log":3,"iceandfire:rotten_egg":1,"minecraft:carrot":22,"minecraft:dirt":10,"minecraft:wheat_seeds":1,"comforts:sleeping_bag_white":3,"delightful:acorn":2,"minecraft:oak_sapling":2,"delightful:green_tea_leaf":1,"minecraft:oak_planks":1,"minecraft:egg":3},"minecraft:used":{"minecraft:wooden_axe":3,"minecraft:oak_planks":1,"minecraft:dirt":4,"minecraft:crafting_table":1,"minecraft:porkchop":1,"minecraft:carrot":13,"comforts:sleeping_bag_white":2}},"DataVersion":3465}