{"stats":{"minecraft:crafted":{"minecraft:oak_planks":36,"minecraft:crafting_table":2,"minecraft:spruce_planks":56,"comforts:sleeping_bag_white":2,"minecraft:wooden_pickaxe":1,"minecraft:stone_axe":1,"minecraft:bread":60,"minecraft:stick":4,"minecraft:stone_pickaxe":1,"minecraft:wheat":180},"minecraft:mined":{"minecraft:white_bed":1,"minecraft:crafting_table":4,"minecraft:grass_block":8,"minecraft:poppy":1,"minecraft:tall_grass":3,"minecraft:hay_block":20,"treechop:chopped_log":3,"minecraft:grass":5,"minecraft:coal_ore":5,"minecraft:oak_log":2,"minecraft:dirt_path":1,"minecraft:dirt":1,"regions_unexplored:medium_grass":4,"minecraft:stone":20,"minecraft:fern":1,"minecraft:oak_leaves":2},"minecraft:dropped":{"minecraft:wheat_seeds":1,"alexsmobs:animal_dictionary":2,"mca:book_romance":1,"comforts:sleeping_bag_white":1,"minecraft:wooden_pickaxe":1,"minecraft:spruce_sapling":8},"minecraft:custom":{"minecraft:mob_kills":23,"tombstone:raider_killed":1,"minecraft:interact_with_crafting_table":17,"minecraft:leave_game":4,"minecraft:time_since_death":23097,"minecraft:sleep_in_bed":3,"minecraft:waystone_activated":1,"minecraft:time_since_rest":6646,"minecraft:sprint_one_cm":120333,"minecraft:damage_taken":420,"minecraft:walk_one_cm":102868,"minecraft:drop":7,"minecraft:damage_dealt":2035,"minecraft:swim_one_cm":7795,"minecraft:fly_one_cm":168881,"minecraft:open_chest":1,"minecraft:crouch_one_cm":5669,"minecraft:play_time":79477,"minecraft:deaths":1,"minecraft:sneak_time":2399,"minecraft:walk_under_water_one_cm":2106,"minecraft:jump":893,"minecraft:walk_on_water_one_cm":2221,"minecraft:total_world_time":79477,"minecraft:fall_one_cm":29497},"minecraft:killed":{"minecraft:pig":2,"minecraft:sheep":15,"minecraft:pillager":1,"minecraft:chicken":1,"minecraft:cow":4},"minecraft:picked_up":{"minecraft:crafting_table":4,"minecraft:chicken":1,"minecraft:leather":7,"minecraft:oak_log":10,"minecraft:dirt":7,"minecraft:apple":1,"minecraft:wheat_seeds":1,"comforts:sleeping_bag_white":1,"minecraft:beef":8,"minecraft:poppy":2,"delightful:green_tea_leaf":1,"minecraft:egg":1,"minecraft:stick":12,"minecraft:porkchop":5,"minecraft:spruce_sapling":8,"minecraft:white_bed":1,"minecraft:spruce_log":14,"alexsmobs:animal_dictionary":1,"minecraft:hay_block":20,"regions_unexplored:maple_log":8,"minecraft:gray_wool":1,"minecraft:oak_sapling":1,"minecraft:black_wool":2,"minecraft:mutton":20,"minecraft:coal":5,"minecraft:cobblestone":20,"minecraft:white_wool":12},"minecraft:used":{"minecraft:poppy":2,"minecraft:stone_pickaxe":23,"minecraft:oak_planks":16,"minecraft:spruce_planks":45,"minecraft:wooden_pickaxe":3,"minecraft:dirt":7,"minecraft:crafting_table":4,"minecraft:white_bed":1,"minecraft:oak_log":1,"minecraft:apple":1,"minecraft:bread":10,"minecraft:stone_axe":53,"delightful:green_tea_leaf":1,"minecraft:oak_sapling":1,"minecraft:porkchop":1,"alexsmobs:animal_dictionary":1,"comforts:sleeping_bag_white":1}},"DataVersion":3465}