{"stats":{"minecraft:custom":{"minecraft:jump":2,"minecraft:leave_game":1,"minecraft:time_since_rest":1436,"minecraft:sprint_one_cm":342,"minecraft:crouch_one_cm":480,"minecraft:play_time":1436,"minecraft:time_since_death":1436,"minecraft:walk_one_cm":1546,"minecraft:sneak_time":173,"minecraft:total_world_time":1436,"minecraft:fall_one_cm":269,"minecraft:fly_one_cm":28},"minecraft:mined":{"minecraft:poppy":1,"minecraft:grass_block":1,"minecraft:oak_log":1},"minecraft:used":{"minecraft:oak_log":1,"minecraft:poppy":2,"minecraft:dirt":1},"minecraft:picked_up":{"minecraft:oak_log":1,"minecraft:poppy":2,"minecraft:dirt":1}},"DataVersion":3465}